<?xml version="1.0"?>
<data grt_format="2.0">
  <value _ptr_="00000000224C2790" type="list" content-type="object" content-struct-name="db.mgmt.ServerInstance">
    <value type="object" struct-name="db.mgmt.ServerInstance" id="{50D7E10A-37AB-48C0-A43D-2D8F409E3261}" struct-checksum="0x367436e2">
      <link type="object" struct-name="db.mgmt.Connection" key="connection">{86916D76-0966-4C0C-8E90-7D44FE376365}</link>
      <value _ptr_="00000000231A5D30" type="dict" key="loginInfo">
        <value type="string" key="wmi.hostName"></value>
        <value type="string" key="wmi.userName"></value>
      </value>
      <value _ptr_="00000000231AA950" type="dict" key="serverInfo">
        <value type="string" key="basedir">C:\Program Files\MySQL\MySQL Server 5.6\</value>
        <value type="string" key="datadir">C:\ProgramData\MySQL\MySQL Server 5.6\Data\</value>
        <value type="string" key="errorLogFilePath">JIMMYRAMOS.err</value>
        <value type="string" key="generalLogFilePath">JIMMYRAMOS.log</value>
        <value type="string" key="serverVersion">5.6.21-log</value>
        <value type="int" key="setupPending">0</value>
        <value type="int" key="slowLogEnabled">1</value>
        <value type="string" key="slowLogFilePath">JIMMYRAMOS-slow.log</value>
        <value type="string" key="sys.config.path">C:\ProgramData\MySQL\MySQL Server 5.6\my.ini</value>
        <value type="int" key="sys.config.path.lock">1</value>
        <value type="string" key="sys.config.section">mysqld</value>
        <value type="string" key="sys.mysqld.service_name">MySQL56</value>
        <value type="string" key="sys.preset">Custom</value>
        <value type="string" key="sys.sudo"></value>
        <value type="string" key="sys.system">Windows</value>
        <value type="int" key="sys.usesudo">0</value>
        <value type="int" key="sys.usesudostatus">0</value>
        <value type="int" key="windowsAdmin">1</value>
      </value>
      <value type="string" key="name">Local MySQL56</value>
    </value>
    <value type="object" struct-name="db.mgmt.ServerInstance" id="{4E1E41B9-9652-4ED0-8344-40AAE839750D}" struct-checksum="0x367436e2">
      <value _ptr_="00000000231AA3A0" type="dict" key="loginInfo">
        <value type="string" key="ssh.hostName"></value>
        <value type="string" key="ssh.key">C:\Users\Auditor3\AppData\Roaming/.ssh/ssh_private_key</value>
        <value type="string" key="ssh.localPort">3306</value>
        <value type="int" key="ssh.useKey">0</value>
        <value type="string" key="ssh.userName">mysql</value>
      </value>
      <value _ptr_="00000000231AA410" type="dict" key="serverInfo">
        <value type="string" key="basedir">C:\Program Files\MySQL\MySQL Server 5.6\</value>
        <value type="string" key="datadir">C:\ProgramData\MySQL\MySQL Server 5.6\Data\</value>
        <value type="string" key="errorLogFilePath">JIMMYRAMOS.err</value>
        <value type="string" key="generalLogFilePath">JIMMYRAMOS.log</value>
        <value type="string" key="serverVersion">5.6.21-log</value>
        <value type="int" key="setupPending">1</value>
        <value type="int" key="slowLogEnabled">1</value>
        <value type="string" key="slowLogFilePath">JIMMYRAMOS-slow.log</value>
        <value type="string" key="sys.config.path">%ProgramData%\MySQL\MySQL Server 5.6\my.ini</value>
        <value type="string" key="sys.config.section">mysqld</value>
        <value type="string" key="sys.mysqld.service_name">MySQL</value>
        <value type="string" key="sys.mysqld.start">sc start mysql</value>
        <value type="string" key="sys.mysqld.stop">sc stop mysql</value>
        <value type="string" key="sys.system">Windows</value>
        <value type="int" key="sys.usesudo">1</value>
        <value type="int" key="sys.usesudostatus">0</value>
        <value type="int" key="windowsAdmin">1</value>
      </value>
      <value type="string" key="name"></value>
    </value>
    <value type="object" struct-name="db.mgmt.ServerInstance" id="{CE0FF4F3-EEF1-4EC5-8F1C-92DB2A5CB817}" struct-checksum="0x367436e2">
      <value _ptr_="00000000231AA560" type="dict" key="loginInfo">
        <value type="string" key="ssh.hostName"></value>
        <value type="string" key="ssh.key">C:\Users\Auditor3\AppData\Roaming/.ssh/ssh_private_key</value>
        <value type="string" key="ssh.localPort">3306</value>
        <value type="int" key="ssh.useKey">0</value>
        <value type="string" key="ssh.userName">mysql</value>
      </value>
      <value _ptr_="00000000231AA640" type="dict" key="serverInfo">
        <value type="string" key="serverVersion">5.6</value>
        <value type="int" key="setupPending">1</value>
        <value type="string" key="sys.config.path">%ProgramData%\MySQL\MySQL Server 5.6\my.ini</value>
        <value type="string" key="sys.config.section">mysqld</value>
        <value type="string" key="sys.mysqld.service_name">MySQL</value>
        <value type="string" key="sys.mysqld.start">sc start mysql</value>
        <value type="string" key="sys.mysqld.stop">sc stop mysql</value>
        <value type="string" key="sys.system">Windows</value>
        <value type="int" key="sys.usesudo">1</value>
        <value type="int" key="windowsAdmin">1</value>
      </value>
      <value type="string" key="name"></value>
    </value>
    <value type="object" struct-name="db.mgmt.ServerInstance" id="{0582C418-EAD6-4B34-8927-9CB960C5E6FA}" struct-checksum="0x367436e2">
      <value _ptr_="00000000231AA6B0" type="dict" key="loginInfo">
        <value type="string" key="ssh.hostName"></value>
        <value type="string" key="ssh.key">C:\Users\Auditor3\AppData\Roaming/.ssh/ssh_private_key</value>
        <value type="string" key="ssh.localPort">3306</value>
        <value type="int" key="ssh.useKey">0</value>
        <value type="string" key="ssh.userName">mysql</value>
      </value>
      <value _ptr_="00000000231AA870" type="dict" key="serverInfo">
        <value type="string" key="serverVersion">5.6</value>
        <value type="int" key="setupPending">1</value>
        <value type="string" key="sys.config.path">%ProgramData%\MySQL\MySQL Server 5.6\my.ini</value>
        <value type="string" key="sys.config.section">mysqld</value>
        <value type="string" key="sys.mysqld.service_name">MySQL</value>
        <value type="string" key="sys.mysqld.start">sc start mysql</value>
        <value type="string" key="sys.mysqld.stop">sc stop mysql</value>
        <value type="string" key="sys.system">Windows</value>
        <value type="int" key="sys.usesudo">1</value>
        <value type="int" key="windowsAdmin">1</value>
      </value>
      <value type="string" key="name"></value>
    </value>
  </value>
</data>
